{
	"en": {
		"translation": {
			"UI": {
				"FONT_CSS": "https://fonts.googleapis.com/css2?family=Lato:ital,wght@0,400;0,700;1,400;1,700&family=Sansita:ital,wght@0,400;0,700;1,400;1,700&display=swap",
				"IMAGE_PATH": "logos",
				"WEBSITE": "logosear.ch"
			},
			"ALTERNATIVES_PAGE": {
				"TITLE": "Alternative Logo Websites",
				"INFO_BOX_HTML": "These are some vastly inferior competitors to LogoSear.ch.  Use them at your own risk!",
				"SEARCH_INPUT_LABEL": "Search query",
				"SEARCH_LINK_TEXT": "Search"
			},
			"COMMON": {
				"TITLE": "Logo Search",
				"IMAGE_NAME_LC": "logo",
				"IMAGE_NAME_LC_plural": "logos",
				"IMAGE_NAME_TC": "Logo",
				"IMAGE_NAME_TC_plural": "Logos"
			},
			"NAVBAR": {
				"SEARCH": "Search",
				"IMAGES": "Logos",
				"IMG_ALT": "LogoSear.ch Logo",
				"SITE_NAME": "LogoSear.ch",
				"SOURCES": "Sources",
				"FAQ": "FAQ"
			},
			"IMAGE_PAGE": {
				"TITLE": "{{name}} Logos"
			},
			"IMAGES_PAGE": {
				"TITLE": "Most Common Logo Names",
				"INFO_BOX_HTML": "These are the {{numValues, addCommas}} most common logos.<ul class=\"mt-3\"><li>{{imageCount, addCommas}} logos</li><li>{{sourceCount, addCommas}} different sources</li><li>{{uniqueCount, addCommas}} distinct names</li><li>{{singleSourceCount, addCommas}} names appear in only one source.</li></ul>With this many logos, I strongly recommend using the <a class=\"alert-link\" href=\"/search.html\">Search</a> page to find a logo.",
				"NAME_COLUMN_HEADER": "Name",
				"SOURCES_COLUMN_HEADER": "# of Sources"
			},
			"SEARCH_PAGE": {
				"INPUT_LABEL": "Search query",
				"INPUT_PLACEHOLDER": "Search terms",
				"SEARCH_BUTTON": "Search",
				"H1": "Search",
				"TITLE": "LogoSear.ch: Instant logo search for SVG logos",
				"META_DESCRIPTION": "Instant logo search for SVG logos with over 200,000 logos from 100+ sources."
			},
			"SOURCES_PAGE": {
				"TITLE": "Logo Sources",
				"INFO_BOX_HTML": "Submit additional sources on <a class=\"alert-link\" href=\"https://github.com/VectorLogoZone/git-svg-logos/blob/master/.github/ISSUE_TEMPLATE/add-a-site.md\">Github</a>., and try some <a class=\"alert-link\" href=\"/alternatives/index.html\">alternatives</a>."
			}
		}
	}
}
