{
	"en": {
		"translation": {
			"UI": {
				"FONT_CSS": "https://fonts.googleapis.com/css2?family=Open+Sans:ital,wght@0,400;0,700;1,400;1,700&family=Noticia+Text:ital,wght@0,400;0,700;1,400;1,700&display=swap",
				"IMAGE_PATH": "icons",
				"WEBSITE": "iconsear.ch"
			},
			"COMMON": {
				"TITLE": "Icon Search",
				"IMAGE_NAME_LC": "icon",
				"IMAGE_NAME_LC_plural": "icons",
				"IMAGE_NAME_TC": "Icon",
				"IMAGE_NAME_TC_plural": "Icons"
			},
			"NAVBAR": {
				"SEARCH": "Search",
				"IMAGES": "Icons",
				"IMG_ALT": "IconSear.ch Logo",
				"SITE_NAME": "IconSear.ch",
				"SOURCES": "Sources",
				"FAQ": "FAQ"
			},
			"IMAGE_PAGE": {
				"TITLE": "{{name}} Icons"
			},
			"IMAGES_PAGE": {
				"TITLE": "Most Common Icons",
				"INFO_BOX_HTML": "These are the {{numValues, addCommas}} most common icons.<ul class=\"mt-3\"><li>{{imageCount, addCommas}} icons</li><li>{{sourceCount, addCommas}} different sources</li><li>{{uniqueCount, addCommas}} distinct names</li><li>{{singleSourceCount, addCommas}} names appear in only one source.</li></ul>With this many icons, I strongly recommend using the <a class=\"alert-link\" href=\"/search.html\">Search</a> page to find an icon.",
				"NAME_COLUMN_HEADER": "Name",
				"SOURCES_COLUMN_HEADER": "# of Sources"
			},
			"ALTERNATIVES_PAGE": {
				"TITLE": "Alternative Icon Search Websites",
				"INFO_BOX_HTML": "These are some vastly inferior competitors to IconSear.ch.  Use them at your own risk!",
				"SEARCH_INPUT_LABEL": "Search query",
				"SEARCH_LINK_TEXT": "Search"
			},
			"SEARCH_PAGE": {
				"INPUT_LABEL": "Search query",
				"INPUT_PLACEHOLDER": "Search terms",
				"SEARCH_BUTTON": "Search",
				"H1": "Search",
				"TITLE": "IconSear.ch: Instant icon search for SVG icons",
				"META_DESCRIPTION": "Search through over 10,000 SVG icons from 75+ sources"
			},
			"SOURCES_PAGE": {
				"TITLE": "Icon Sources",
				"INFO_BOX_HTML": "Did I miss one?  <a class=\"alert-link\" href=\"/contact.html\">Let me know</a>!  If you are technically inclined, direct <a class=\"alert-link\" href=\"https://github.com/VectorLogoZone/git-svg-icons/blob/main/CONTRIBUTING.md\">contributions</a> are welcome!"
			}
		}
	}
}
